[{"id":"dashboard","total":38},{"id":"menu","total":198},{"id":"antionce","total":1},{"id":"matrix","total":2},{"id":"owner","total":128},{"id":"s","total":66},{"id":"delowner","total":23},{"id":"join","total":10},{"id":"tagall","total":1},{"id":"hidetag","total":3},{"id":"addowner","total":26},{"id":"play","total":3},{"id":"ytmp3","total":6},{"id":"getcase","total":10},{"id":"tiktoknowm","total":4},{"id":"tiktokaudio","total":5},{"id":"setmenu","total":9},{"id":"sendbug","total":77},{"id":"#dashboard","total":"6287705048235@s.whatsapp.net"},{"id":"kick","total":9},{"id":"creategc","total":3},{"id":"out","total":1},{"id":"bugfc","total":5},{"id":"toxic","total":2},{"id":"strawberry","total":1},{"id":"blood","total":3},{"id":"report","total":1},{"id":"tiktok","total":12},{"id":"buggc","total":9},{"id":"bugpc","total":10},{"id":"1917","total":1},{"id":"candy","total":1},{"id":"shadow","total":2},{"id":"jadwalsholat","total":1},{"id":"verify","total":38},{"id":"niatsholat","total":1},{"id":"allmenu","total":66},{"id":"setppbot","total":5},{"id":"antilink","total":3},{"id":"bocil","total":1},{"id":"loli","total":1},{"id":"pubg","total":1},{"id":"wallhp","total":1},{"id":"freefire","total":2},{"id":"ppcouple","total":1},{"id":"ayatkursi","total":2},{"id":"doaharian","total":1},{"id":"tourl","total":2},{"id":"anime","total":1},{"id":"listgc","total":1},{"id":"cyber","total":1},{"id":"listban","total":1},{"id":"ban","total":4},{"id":"listblock","total":2},{"id":"mikasa","total":2},{"id":"block","total":1},{"id":"neko","total":2},{"id":"get","total":2},{"id":"write","total":1},{"id":"burnpaper","total":1},{"id":"romantic","total":1},{"id":"madara","total":6},{"id":"randblackpink","total":1},{"id":"bts","total":1},{"id":"exo","total":1},{"id":"randomnime","total":1},{"id":"glitch","total":1},{"id":"textblue","total":1},{"id":"textungu","total":1},{"id":"texthijau","total":1},{"id":"textpink","total":1},{"id":"npmstalk","total":4},{"id":"ffstalk","total":1},{"id":"smoke","total":1},{"id":"narutoo","total":1},{"id":"love","total":1},{"id":"undergrass","total":1},{"id":"doubleheart","total":1},{"id":"butterfly","total":2},{"id":"help","total":2},{"id":"undertextpink","total":1},{"id":"coffecup","total":2},{"id":"ice","total":1},{"id":"bugpcs","total":7},{"id":"add","total":8}]