[{"id":"6281220670449@s.whatsapp.net","command":"owner"},{"id":"6281220670449@s.whatsapp.net","command":"owner"},{"id":"6281220670449@s.whatsapp.net","command":"menu"},{"id":"6281220670449@s.whatsapp.net","command":"menu"},{"id":"6281220670449@s.whatsapp.net","command":"bugpc1"},{"id":"6281220670449@s.whatsapp.net","command":"menu"},{"id":"6281220670449@s.whatsapp.net","command":"bugpc1"},{"id":"6281220670449@s.whatsapp.net","command":"bugpc1"},{"id":"6283116373508@s.whatsapp.net","command":"kur"},{"id":"6285951642383@s.whatsapp.net","command":"del"},{"id":"6285951642383@s.whatsapp.net","command":"wm"},{"id":"6285951642383@s.whatsapp.net","command":""},{"id":"6285769720771@s.whatsapp.net","command":"jngn"},{"id":"6285951642383@s.whatsapp.net","command":""},{"id":"6285951642383@s.whatsapp.net","command":""},{"id":"6285769720771@s.whatsapp.net","command":""},{"id":"6281220670449@s.whatsapp.net","command":"menu"},{"id":"6281220670449@s.whatsapp.net","command":"p"},{"id":"6285951642383@s.whatsapp.net","command":""},{"id":"6282260100756@s.whatsapp.net","command":"menu"},{"id":"6285769720771@s.whatsapp.net","command":""},{"id":"6282260100756@s.whatsapp.net","command":"allmenu"},{"id":"6285769720771@s.whatsapp.net","command":"wm"},{"id":"6281220670449@s.whatsapp.net","command":"bugpc1"}]